user_id,full_name,position,department,Управление,Отдел,location,Роль,status,access_level,Initial password,,,,,
user1,фио1,Генеральный директор,Центральный офис,Центральный аппарат,Исполнительная дирекция,Москва,Администратор домена,активный ,Admin,IAV8rGUnS1yJ^,,,,,
user2,фио2,Заместитель генерального директора,Центральный офис,Центральный аппарат,Исполнительная дирекция,Москва,Руководитель направлений,активный ,High,5iV)CdYoRpJaLW&W6,,,,,
user3,фио3,Заместитель генерального директора по финансам,Центральный офис,Центральный аппарат,Финансовый блок,Москва,Руководитель блока,активный ,High,Tloke_73fo+[%}$fF%9,,,,,
user4,фио4,Заместитель генерального директора по торговле,Центральный офис,Центральный аппарат,Торговый блок,Москва,Руководитель блока,активный ,High,2H!cd{WPv-K5x,,,,,
user5,фио5,Заместитель генерального директора по производству,Центральный офис,Центральный аппарат,Производственный блок,Москва,Руководитель блока,активный ,High,A>p!j@!ZK}<B/8L^*6P&,,,,,
user6,фио6,Финансовый директор,Центральный офис,Финансы и казначейство,Казначейство,Москва,Финансовый контролёр,активный ,High,$YUH7LE%X&#n4<bm;,,,,,
user7,фио7,Главный бухгалтер,Центральный офис,Финансы и казначейство,Бухгалтерия главный,Москва,Главный бухгалтер 1С,активный ,Medium,"E.bN@D=6;!NrqeUdSQ3",,,,,
user8,фио8,Коммерческий директор,Центральный офис,Центральный аппарат,Коммерческий блок,Москва,Руководитель направлений,активный ,High,m&X!^4/XBh}I7nKeX),,,,,
user9,фио9,Директор по логистике,Москва,Логистический блок,Логистика и порты,,Руководитель блока,активный ,High,(?p18Ja0hT/},,,,,
user10,фио10,Директор по производству,Москва,Производственный блок,Переработка и хранение,,Руководитель блока,активный ,High,"r:,CE3)o7PAgn",,,,,
user11,фио11,IT-директор,Москва,IT и цифровизация,Инфраструктура и цифровизация,,Руководитель блока,активный ,High,$1CkB3]n|3019wu;#,,,,,
user12,фио12,HR-директор,Москва,HR и административная,Кадры и персонал,,Руководитель блока,активный ,High,DQtu7Fvdgt#yD>jh0,,,,,
user13,фио13,Юридический директор,Москва,Юридическая и комплаенс,Юридическая служба,,Руководитель блока,активный ,High,88EvMG5ja<a<f[vF,,,,,
user14,фио14,Помощник генерального директора,Центральный офис,Исполнительная дирекция,Приёмная ГД,Москва,Администратор,активный ,Admin,UF-+_W<1:4n:6P,,,,,
user15,фио15,Офис-менеджер,Центральный офис,Исполнительная дирекция,Приёмная,Москва,Администратор,активный ,Admin,[r746%%oO3Lu)IyTrV,,,,,
user16,фио16,Водитель руководителя,Центральный офис,Центральный аппарат,Исполнительная дирекция,Москва,Водитель,активный ,Medium,R_YE[]vpd|5g[MGp5S,,,,,
user17,фио17,Старший трейдер зерновых,Торговый блок,Зерновая торговля,Торговля пшеницей,Москва,Старший трейдер,активный ,High,4BdSIEz4gO$zj}6ppQOQ,,,,,
user18,фио18,Трейдер пшеницы,Торговый блок,Зерновая торговля,Торговля пшеницей,Москва,Трейдер,активный ,High,0zPe]Gy.cn5iw2D?,,,,,
user19,фио19,Трейдер кукурузы,Торговый блок,Зерновая торговля,Торговля кукурузой,Москва,Трейдер,активный ,High,"C,MTSu9%qQd_>",,,,,
user20,фио20,Трейдер ячменя,Торговый блок,Зерновая торговля,Торговля ячменём,Москва,Трейдер,активный ,High,vs=Ua471n[:T^,,,,,
user21,фио21,Аналитик зернового рынка,Торговый блок,Зерновая торговля,Аналитика рынков,Москва,Аналитик,активный ,Medium,9Xkx{m0A?mgfUa_tT[G,,,,,
user22,фио22,Старший трейдер масличных,Торговый блок,Масличная торговля,Торговля подсолнечником,Москва,Старший трейдер,активный ,High,F+i59]SQ2E_6p1,,,,,
user23,фио23,Трейдер подсолнечника,Торговый блок,Масличная торговля,Торговля подсолнечником,Москва,Трейдер,активный ,High,7x25BK;0!wK.^IFv,,,,,
user24,фио24,Трейдер масла,Торговый блок,Масличная торговля,Торговля маслом,Москва,Трейдер,активный ,High,=Z6zAeMX3{^6y}:$,,,,,
user25,фио25,Менеджер по закупкам сырья,Торговый блок,Масличная торговля,Закупки у сельхозпроизводителей,Краснодар,Менеджер закупок,активный ,Medium,3{}KUnd?:*hb%^,,,,,
user26,фио26,Логист морских перевозок,Логистический блок,Логистика и порты,Морские перевозки,Новороссийск,Логист SAP,активный ,Medium,9%G^|f%7D(1*,,,,,
user27,фио27,Начальник портового терминала,Логистический блок,Логистика и порты,Терминал Новороссийск,Новороссийск,Руководитель объекта,активный ,Medium,45%@}b;gb0;DR5{,,,,,
user28,фио28,Диспетчер порта,Логистический блок,Логистика и порты,Терминал Новороссийск,Новороссийск,Диспетчер,активный ,Medium,I_>}9[lv[CI02LIV,,,,,
user29,фио29,Начальник элеватора,Производственный блок,Переработка и хранение,Элеватор Ростов,Ростов-на-Дону,Руководитель объекта,активный ,Medium,>+BvM]sQK4+h,,,,,
user30,фио30,Начальник смены элеватора,Производственный блок,Переработка и хранение,Элеватор Ростов,Ростов-на-Дону,Мастер смены,активный ,Medium,Fr0@@?B}I}Zv8,,,,,
user31,фио31,Оператор элеватора,Производственный блок,Переработка и хранение,Элеватор Ростов,Ростов-на-Дону,Оператор АСУ,активный ,Medium,"v*uxbSI,D%i5Y*S4",,,,,
user32,фио32,Лаборант химик,Производственный блок,Переработка и хранение,Лаборатория элеватора,Ростов-на-Дону,Лаборант,активный ,Medium,"a,;4^}x<as65V(pKXGTm",,,,,
user33,фио33,Инженер КИПиА,Производственный блок,Переработка и хранение,Техобслуживание,Краснодар,Инженер КИП,активный ,Medium,Eyu2l*I.a{hB;#tJ.0,,,,,
user34,фио34,Электрик,Производственный блок,Переработка и хранение,Техобслуживание,Краснодар,Электрик,активный ,Medium,eV!9P/1AwaGpVo|b0,,,,,
user35,фио35,Слесарь-ремонтник,Производственный блок,Переработка и хранение,Ремонтная бригада,Воронеж,Слесарь,активный ,Medium,S}UN0Y[=4XuR^=&*,,,,,
user36,фио36,Зам. главного бухгалтера,Центральный офис,Финансы и казначейство,Бухгалтерия,Москва,Старший бухгалтер,активный ,Medium,P}z|a9H34_f>]2#Gxs,,,,,
user37,фио37,Бухгалтер по зарплате,Финансы и казначейство,Бухгалтерия,Расчёт зарплаты,Москва,Бухгалтер РСВ,активный ,Medium,f=/^:m$1:4H+{N3DO.,,,,,
user38,фио38,Бухгалтер по ТМЦ,Финансы и казначейство,Бухгалтерия,Учёт ТМЦ,Москва,Бухгалтер М-4,активный ,Medium,/@w/grZl$D1N!:&6%,,,,,
user39,фио39,Казначей,Финансы и казначейство,Казначейство,Платежи и банки,Москва,Казначей,активный ,Medium,4}MrS!GH0SF9&[2j,,,,,
user40,фио40,Финансовый аналитик,Москва,Финансы и казначейство,Бюджетирование,,Аналитик,активный ,Medium,g#/?i;iO>AqVRQ97,,,,,
user41,фио41,Системный администратор,Москва,IT и цифровизация,Инфраструктура,,Администратор AD,активный ,Medium,x>jeT91On$G}xE4n+l,,,,,
user42,фио42,Администратор 1С,Москва,IT и цифровизация,Разработка и поддержка 1С,,Администратор 1С,активный ,Medium,.i:1v|SPCt+T,,,,,
user43,фио43,Разработчик 1С,Москва,IT и цифровизация,Разработка 1С,,Разработчик 1С,активный ,Medium,nt(:S<j6X$hBuW3m,,,,,
user44,фио44,Специалист службы поддержки,Москва,IT и цифровизация,Поддержка пользователей,,Helpdesk,активный ,Medium,J-UTTtDe9?4|0],,,,,
user45,фио45,HR-специалист по подбору,Москва,HR и административная,Подбор персонала,,Рекрутер,активный ,Medium,"t2qvyn$,BEMFi22I{$<",,,,,
user46,фио46,HR-специалист по обучению,Москва,HR и административная,Обучение и развитие,,Специалист ЛМС,активный ,Medium,"i8$$.+|/1GiP#!(,V8_",,,,,
user47,фио47,Юрист договорного отдела,Москва,Юридическая и комплаенс,Договорная работа,,Юрист,активный ,Low,$dOaBE542%wNt},,,,,
user48,фио48,Комплаенс-офицер,Москва,Юридическая и комплаенс,Контроль и комплаенс,,Комплаенс,активный ,Medium,j<#=R2**_j3f9,,,,,
user49,фио49,Экономист-плановик,Москва,Финансы и казначейство,Планово-экономический,,Экономист,активный ,Medium,_nid4Dd<Z>>02y)Ey,,,,,
user50,фио50,Менеджер по ВЭД,Москва,Внешнеэкономическая деятельность,Таможенное оформление,,ВЭД-специалист,активный ,Medium,&C6.%R&u2y9BkcUX},,,,,
user51,фио51,Логист ж/д перевозок,Логистический блок,Логистика и порты,Ж/д перевозки,Ростов-на-Дону,Логист,активный ,Medium,65B^Wdt6]qnwy8p-W,,,,,
user52,фио52,Водитель-экспедитор,Логистический блок,Логистика и порты,Автопарк,Новороссийск,Водитель,активный ,Medium,uJW4$Tl/GD)x,,,,,
user53,фио53,Начальник МЭЗа,Производственный блок,Переработка и хранение,МЭЗ Краснодар,Краснодар,Руководитель объекта,активный ,Medium,Fjv9HRdr=!0:iB2R**,,,,,
user54,фио54,Оператор маслоэкстракции,Производственный блок,Переработка и хранение,Производство масла,Краснодар,Оператор,активный ,Medium,1M9n^PFr/j31RN1xkVf,,,,,
user55,фио55,Лаборант,Производственный блок,Переработка и хранение,Контроль качества,Воронеж,Лаборант,активный ,Medium,mD@$Q3.ODN(+,,,,,
user56,фио56,Трейдер сои,Торговый блок,Масличная торговля,Торговля соей,Москва,Трейдер,активный ,Medium,s*3Zv2;JTm36S,,,,,
user57,фио57,Начальник терминала Тамань,Логистический блок,Логистика и порты,Терминал Тамань,Тамань,Руководитель объекта,активный ,Medium,_1^gQk%G#5b%A:vENl,,,,,
user58,фио58,Старший диспетчер,Логистический блок,Логистика и порты,Терминал Тамань,Тамань,Диспетчер,активный ,Medium,"VNwP41_=Z,)A_)/sk)",,,,,
user59,фио59,Охранник,Административно-хозяйственная,Физическая безопасность,Объектовая охрана,Новороссийск,Охранник,активный ,Medium,4>VR}2Uw}WA{{,,,,,
user60,фио60,Уборщица,Москва,Административно-хозяйственная,Клининг,,Уборщик помещений,активный ,Medium,k$<8=sV/Ye:jtL/,,,,,
user61,фио61,Трейдер экспорт,Торговый блок,Зерновая торговля,Экспортные продажи,Москва,Экспортный трейдер,активный ,Medium,xi>a75eQnY<dN,,,,,
user62,фио62,Аналитик масличных рынков,Торговый блок,Масличная торговля,Аналитика рынков,Москва,Аналитик,активный ,Medium,z$&{LVh9M*}C#z<X2u,,,,,
user63,фио63,Сварщик,Производственный блок,Переработка и хранение,Ремонтная служба,Волгоград,Сварщик 6 разряда,активный ,Medium,ku=9]cN_o2:DjR4nO1%$,,,,,
user64,фио64,Механик,Производственный блок,Переработка и хранение,Техобслуживание,Самара,Механик,активный ,Medium,|zBtY<?Qs9mJdHJ,,,,,
user65,фио65,Начальник лаборатории,Производственный блок,Переработка и хранение,Центральная лаборатория,Москва,Руководитель лаборатории,активный ,Medium,ji8|-mJ-&[4E-p6QVp(,,,,,
user66,фио66,Документовед ВЭД,Москва,Внешнеэкономическая деятельность,Документация ВЭД,,Оформитель ВЭД,активный ,Medium,g_mnT]8B6{TA}Z50kVr_,,,,,
user67,фио67,Менеджер по рискам,Москва,Финансы и казначейство,Управление рисками,,Риск-менеджер,активный ,Medium,X<8_(!160NM<TzzQ|n,,,,,
user68,фио68,Старший логист,Логистический блок,Логистика и порты,Автоперевозки,Ростов-на-Дону,Старший логист,активный ,Medium,]Xt6@t}s03y=6+P)|,,,,,
user69,фио69,Оператор элеватора,Производственный блок,Переработка и хранение,Элеватор Воронеж,Воронеж,Оператор АСУ,активный ,Medium,AQC%H8/{0Dj+j:x{orwz,,,,,
user70,фио70,Бухгалтер по расчётам,Финансы и казначейство,Бухгалтерия,Расчёты с поставщиками,Москва,Бухгалтер,активный ,Medium,:_m/dNf0ZDQz5u2,,,,,
user71,фио71,Трейдер рапса,Торговый блок,Масличная торговля,Торговля рапсом,Москва,Трейдер,активный ,Medium,fs4/bR!R4|QY%4Vtc4K,,,,,
user72,фио72,Начальник элеватора Волгоград,Производственный блок,Переработка и хранение,Элеватор Волгоград,Волгоград,Руководитель объекта,активный ,Medium,"H7-uWy>E3Ru8HH,A",,,,,
user73,фио73,Мастер смены МЭЗа,Производственный блок,Переработка и хранение,МЭЗ Воронеж,Воронеж,Мастер смены,активный ,Medium,#z4Bem&7WciU60,,,,,
user74,фио74,Инженер-автоматизатор,Москва,IT и цифровизация,Автоматизация,,Инженер АСУ ТП,активный ,Medium,{x$bfJYt9PG[/MWYI)H>,,,,,
user75,фио75,Переводчик английского,Москва,Внешнеэкономическая деятельность,ВЭД и контракты,,Переводчик,активный ,Medium,8P4rkh.r-JPwU;6Ca,,,,,
user76,фио76,Офис-менеджер филиала,Ростов-на-Дону,Административно-хозяйственная,Администрация,,Администратор,активный ,Medium,CjIXH8r3j?t#M8h,,,,,
user77,фио77,Водитель-экспедитор,Логистический блок,Логистика и порты,Автопарк Краснодар,Краснодар,Водитель,активный ,Medium,_M0sZ&8tHdmx31^-,,,,,
user78,фио78,Тендерный специалист,Москва,Коммерческий блок,Тендеры и закупки,,Тендеры,активный ,Medium,"E3<,7zWb#z7}6Uq<7",,,,,
user79,фио79,Маркетолог,Москва,Коммерческий блок,Маркетинг и PR,,Маркетолог,активный ,Medium,l3S*y15H+FfyoDn,,,,,
user80,фио80,Начальник службы ИБ,Москва,IT и цифровизация,Информационная безопасность,,Руководитель ИБ,активный ,Medium,0OOcEWvOwZ9%_,,,,,
user81,фио81,Оператор весовой,Производственный блок,Переработка и хранение,Элеватор Саратов,Саратов,Оператор,активный ,Medium,)+$IixzLu6UeJ7cp@,,,,,
user82,фио82,Логист-координатор,Логистический блок,Логистика и порты,Контейнерные перевозки,Новороссийск,Логист,активный ,Medium,As.tcN?s!Mczs>8f3Q,,,,,
user83,фио83,Бухгалтер филиала,Ростов-на-Дону,Финансы и казначейство,Бухгалтерия филиала,,Бухгалтер,активный ,Medium,l>Jc_T#=T9d7g/,,,,,
user84,фио84,Электромонтёр,Производственный блок,Переработка и хранение,Техобслуживание,Тамань,Электрик,активный ,Medium,Z4{czYG75kn*AQ0TE,,,,,
user85,фио85,Старший оператор МЭЗа,Производственный блок,Переработка и хранение,Производство,Краснодар,Старший оператор,активный ,Medium,$:vXo1)1Gv]-Q,,,,,
user86,фио86,Кладовщик,Логистический блок,Логистика и порты,Складской учёт,Новороссийск,Кладовщик,активный ,Medium,"n!fZw)W,{PSGb5ck",,,,,
user87,фио87,HR-специалист филиала,Краснодар,HR и административная,Подбор,,Рекрутер,активный ,Medium,u4p=(EUw:R%k6,,,,,
user88,фио88,Трейдер внутренний рынок,Торговый блок,Зерновая торговля,Внутренние продажи,Москва,Трейдер,активный ,Medium,7||rRo@eaP;@8SDHzvy,,,,,
user89,фио89,Начальник смены порта,Логистический блок,Логистика и порты,Терминал Новороссийск,Новороссийск,Мастер смены,активный ,Medium,^bzLGzZo*8}7,,,,,
user90,фио90,Лаборант-контролёр,Производственный блок,Переработка и хранение,Качество зерна,Ростов-на-Дону,Лаборант,активный ,Medium,Gvd(lI3zb!^x&&,,,,,
user91,фио91,Менеджер по страхованию,Москва,Финансы и казначейство,Управление рисками,,Страхование,активный ,Medium,g8Tt+Bqbvhf!AJ>,,,,,
user92,фио92,Водитель погрузчика,Производственный блок,Переработка и хранение,Элеватор Ростов,Ростов-на-Дону,Водитель ССТ,активный ,Medium,+6VXPl<a%e|l&Z5,,,,,
user93,фио93,Юрист филиала,Новороссийск,Юридическая и комплаенс,Юридическое сопровождение,,Юрист,активный ,Medium,WV-7(8v/[aCi!,,,,,
user94,фио94,Старший бухгалтер по ОС,Финансы и казначейство,Бухгалтерия,Учёт основных средств,Москва,Бухгалтер,активный ,Medium,tPl1HW?7pHDh>6,,,,,
user95,фио95,Оператор сушилки,Производственный блок,Переработка и хранение,Элеватор Воронеж,Воронеж,Оператор,активный ,Medium,%mQv#BD4m1N?,,,,,
user96,фио96,Диспетчер автопарка,Логистический блок,Логистика и порты,Автопарк,Ростов-на-Дону,Диспетчер,активный ,Medium,pSHUFICq8:?yu}e[>ZPl,,,,,
user97,фио97,Тальман,Логистический блок,Логистика и порты,Портовый учёт,Тамань,Тальман,активный ,Medium,"nt,VdR9TBD>G&x)",,,,,
user98,фио98,Инженер-энергетик,Производственный блок,Переработка и хранение,Техобслуживание,Краснодар,Энергетик,активный ,Medium,Y**!xSDPXRv4UD8c,,,,,
user99,фио99,Охранник объекта,Волгоград,Административно-хозяйственная,Физическая безопасность,,Охранник,активный ,Medium,"*dt0b5E3PgAU,=HH",,,,,
user100,фио100,Уборщик производственных помещений,Краснодар,Административно-хозяйственная,Клининг,,Уборщик,активный ,Medium,nt+EZSE)ysvOS9;NP3|z,,,,,
user101,фио101,Начальник элеватора Самара,Производственный блок,Переработка и хранение,Элеватор Самара,Самара,Руководитель объекта,активный ,Medium,7Zl4U{LkKUzl&I?,,,,,
user102,фио102,Мастер смены элеватора,Производственный блок,Переработка и хранение,Элеватор Самара,Самара,Мастер смены,активный ,Medium,eZi&49K2yZKE^e]q,,,,,
user103,фио103,Оператор элеватора,Производственный блок,Переработка и хранение,Элеватор Самара,Самара,Оператор АСУ,активный ,Medium,4@B-K-jETehx^E<I0|{,,,,,
user104,фио104,Лаборант,Производственный блок,Переработка и хранение,Лаборатория элеватора,Самара,Лаборант,активный ,Medium,";<#qO8AlkQICv,zKI",,,,,
user105,фио105,Электрик,Производственный блок,Переработка и хранение,Техобслуживание,Самара,Электрик,активный ,Medium,[m0^|Mt^k@5yM,,,,,
user106,фио106,Слесарь-ремонтник,Производственный блок,Переработка и хранение,Ремонтная бригада,Самара,Слесарь,активный ,Medium,.e9vsA&FR.gp,,,,,
user107,фио107,Трейдер внутренний рынок,Торговый блок,Масличная торговля,Внутренние продажи,Москва,Трейдер,активный ,Medium,$0m^v3K<qRg5,,,,,
user108,фио108,Менеджер по закупкам у фермеров,Торговый блок,Масличная торговля,Закупки сырья,Воронеж,Менеджер закупок,активный ,Medium,"(MmLc;YNy6AI7UZ,[3wS",,,,,
user109,фио109,Логист авто,Логистический блок,Логистика и порты,Автоперевозки,Ростов-на-Дону,Логист,активный ,Medium,L8u=;Eo<+q*hB,,,,,
user110,фио110,Диспетчер автотранспорта,Логистический блок,Логистика и порты,Автопарк,Ростов-на-Дону,Диспетчер,активный ,Medium,.%pZG5Ta7lGqhdtMO,,,,,
user111,фио111,Водитель-экспедитор,Логистический блок,Логистика и порты,Автопарк,Ростов-на-Дону,Водитель,активный ,Medium,"3/|>,MMIf-,u",,,,,
user112,фио112,Старший бухгалтер,Финансы и казначейство,Бухгалтерия,Учёт расчётов,Москва,Старший бухгалтер,активный ,Medium,mrK&rYa;{(.7?:,,,,,
user113,фио113,Казначей-аналитик,Центральный офис,Финансы и казначейство,Казначейство,Москва,Казначей,активный ,Medium,2%3.VKN?wO|vNnO,,,,,
user114,фио114,Ведущий разработчик 1С,Москва,IT и цифровизация,Разработка 1С,,Ведущий разработчик 1С,активный ,Medium,q2$J!nJ<t8dCRye,,,,,
user115,фио115,Специалист ИБ,Москва,IT и цифровизация,Информационная безопасность,,Аналитик ИБ,активный ,Medium,_gWgRyriu-cMv-Q4,,,,,
user116,фио116,HR-бизнес-партнёр,Москва,HR и административная,Кадры и персонал,,HR BP,активный ,Medium,SB2sK:9=BBhA3(Zu,,,,,
user117,фио117,Юрист по ВЭД,Москва,Юридическая и комплаенс,Договорная работа ВЭД,,Юрист ВЭД,активный ,Medium,r9ELX&F])tBD.0V,,,,,
user118,фио118,Оператор МЭЗа,Производственный блок,Переработка и хранение,Производство масла,Краснодар,Оператор,активный ,Medium,"Z^,br3SD_ua0S+g",,,,,
user119,фио119,Лаборант химик,Производственный блок,Переработка и хранение,Лаборатория МЭЗ,Краснодар,Лаборант,активный ,Medium,Wr)vaQ9e1c{-GFHBL:c$,,,,,
user120,фио120,Инженер КИПиА,Производственный блок,Переработка и хранение,Автоматизация,Краснодар,Инженер КИП,активный ,Medium,"cP,9ZHb7z&S@#jz:ZH-",,,,,
user121,фио121,Начальник смены МЭЗа,Производственный блок,Переработка и хранение,МЭЗ Краснодар,Краснодар,Мастер смены,активный ,Medium,EpDl>]b@@V92,,,,,
user122,,Логистика и порты,Контейнерные перевозки,Логист,Логистический блок,Логист-контейнеры,активный ,Medium,">wu0sQJ1nlw=h_4>=,]b",,,,,Новороссийск
user123,фио123,Супервайзер порта,Логистический блок,Логистика и порты,Терминал Новороссийск,Новороссийск,Супервайзер,активный ,Medium,7NcWV:]kq:U5bx>LN1,,,,,
user124,фио124,Тальман,Логистический блок,Логистика и порты,Портовый учёт,Новороссийск,Тальман,активный ,Medium,CCvY.;+6yF6Y,,,,,
user125,фио125,Охранник порта,Новороссийск,Административно-хозяйственная,Физическая безопасность,,Охранник,активный ,Medium,Dd1gbiz;l0uvi3N4,,,,,
user126,фио126,Трейдер по шроту,Торговый блок,Масличная торговля,Торговля шротом,Москва,Трейдер,активный ,Medium,k_8U9D20#{rA,,,,,
user127,фио127,Аналитик цен,Торговый блок,Зерновая торговля,Аналитика рынков,Москва,Аналитик,активный ,Medium,S^8ErY=iugX!G/v=,,,,,
user128,фио128,Бухгалтер по налогам,Финансы и казначейство,Бухгалтерия,Налоговый учёт,Москва,Налоговый бухгалтер,активный ,Medium,<Y3t9pl:Lo*yE7,,,,,
user129,фио129,Экономист по бюджетированию,Москва,Финансы и казначейство,Бюджетирование,,Экономист,активный ,Medium,hVHahJN<+411,,,,,
user130,фио130,Администратор SAP,Москва,IT и цифровизация,ERP-поддержка,,Администратор SAP,активный ,Medium,uoZ549A=MCR/o$},,,,,
user131,фио131,Водитель погрузчика,Производственный блок,Переработка и хранение,Элеватор Ростов,Ростов-на-Дону,Водитель ССТ,активный ,Medium,oP)!k2Rj3(md;V>,,,,,
user132,фио132,Кладовщик элеватора,Производственный блок,Переработка и хранение,Складской учёт,Ростов-на-Дону,Кладовщик,активный ,Medium,0:m(0<TEyHU0u_D-bFw,,,,,
user133,фио133,Оператор сушилки,Производственный блок,Переработка и хранение,Элеватор Воронеж,Воронеж,Оператор,активный ,Medium,p8:kWa)(;3}:d,,,,,
user134,фио134,Механик элеватора,Производственный блок,Переработка и хранение,Техобслуживание,Воронеж,Механик,активный ,Medium,BP_||.(0$0uuPYR2,,,,,
user135,фио135,Начальник элеватора Саратов,Производственный блок,Переработка и хранение,Элеватор Саратов,Саратов,Руководитель объекта,активный ,Medium,A9.7?r*G7XgcLN[E{,,,,,
user136,фио136,Оператор элеватора,Производственный блок,Переработка и хранение,Элеватор Саратов,Саратов,Оператор АСУ,активный ,Medium,jR0du?f_yi$v&F7z^?,,,,,
user137,фио137,Логист ж/д,Логистический блок,Логистика и порты,Ж/д перевозки,Волгоград,Логист,активный ,Medium,O&r8IlBrir5XNWuZ,,,,,
user138,фио138,Диспетчер ж/д,Логистический блок,Логистика и порты,Ж/д перевозки,Волгоград,Диспетчер,активный ,Medium,sPko</lO1_6j(DD,,,,,
user139,фио139,Старший трейдер экспорт,Торговый блок,Зерновая торговля,Экспортные продажи,Москва,Старший трейдер,активный ,Medium,3cqu2Y!$)Y0<EjN}cmjf,,,,,
user140,фио140,Менеджер по сертификации,Москва,Юридическая и комплаенс,Качество и комплаенс,,Сертификация,активный ,Medium,"i7QN>c,n2O/?(gJO",,,,,
user141,фио141,Оператор весовой,Производственный блок,Переработка и хранение,Элеватор Тамань,Тамань,Оператор,активный ,Medium,"nS9,n=gx#[728Aid#RXp",,,,,
user142,фио142,Сварщик,Производственный блок,Переработка и хранение,Ремонтная служба,Тамань,Сварщик,активный ,Medium,2#!8<Mw?m)gdeM&,,,,,
user143,фио143,Электромонтёр,Производственный блок,Переработка и хранение,Техобслуживание,Тамань,Электрик,активный ,Medium,#lhk]{ohD0%n_cM[y^!,,,,,
user144,фио144,HR-специалист по кадровому делопроизводству,Москва,HR и административная,Кадровое ДП,,Кадровик,активный ,Medium,UxKz3&2Q0d}Z2X-Ho%e,,,,,
user145,фио145,Офис-менеджер,Краснодар,Административно-хозяйственная,Администрация,,Администратор,активный ,Medium,p{Ds{XR|0{|2GD,,,,,
user146,фио146,Бухгалтер филиала Краснодар,Краснодар,Финансы и казначейство,Бухгалтерия филиала,,Бухгалтер,активный ,Medium,"m#_VO{86E(,?r7r",,,,,
user147,фио147,Трейдер по фуражу,Торговый блок,Зерновая торговля,Внутренние продажи,Москва,Трейдер,активный ,Medium,0Cx&3S5{$#w^M,,,,,
user148,фио148,Логист по мультимодальным перевозкам,Логистический блок,Логистика и порты,Мультимодал,Новороссийск,Логист,активный ,Medium,%y1n<CYHO_2apzFt*{,,,,,
user149,фио149,Кладовщик порта,Логистический блок,Логистика и порты,Портовый склад,Новороссийск,Кладовщик,активный ,Medium,T$h];z]7ifpB8]z#,,,,,
user150,фио150,Лаборант портового терминала,Логистический блок,Логистика и порты,Качество зерна,Новороссийск,Лаборант,активный ,Medium,"jJ6fza#,>e_fx-zO",,,,,
user151,фио151,Инженер-проектировщик,Москва,Технический блок,Капитальное строительство,,Инженер-проектировщик,активный ,Medium,?z(A1-9%I121{q@v[,,,,,
user152,фио152,Документовед,Москва,Административно-хозяйственная,ЭДО и архив,,Документовед,активный ,Medium,F]hs%=nSSGJ3,,,,,
user153,фио153,Оператор МЭЗа,Производственный блок,Переработка и хранение,МЭЗ Воронеж,Воронеж,Оператор,активный ,Medium,",wt:)H7:6:1Ru3)7_Th",,,,,
user154,фио154,Мастер смены МЭЗа,Производственный блок,Переработка и хранение,МЭЗ Воронеж,Воронеж,Мастер смены,активный ,Medium,#gat<{lU!M96277,,,,,
user155,фио155,Техник-лаборант,Производственный блок,Переработка и хранение,Лаборатория МЭЗ,Воронеж,Лаборант,активный ,Medium,"eIDr,rJ/B=4[H;/Or",,,,,
user156,фио156,Водитель-курьер,Москва,Административно-хозяйственная,Офис Москва,,Водитель,активный ,Medium,yP3dTMXnLTfP|,,,,,
user157,фио157,Старший механик,Производственный блок,Переработка и хранение,Техобслуживание,Краснодар,Старший механик,активный ,Medium,FbQdf=*tMuWG8L?Q,,,,,
user158,фио158,Энергетик,Производственный блок,Переработка и хранение,Энергоснабжение,Самара,Энергетик,активный ,Medium,"^%)-AsKz6YkX2B,Z-N^=",,,,,
user159,фио159,Охранник элеватора,Самара,Административно-хозяйственная,Физическая безопасность,,Охранник,активный ,Medium,RZ=}H5+$6iOWQDr_4,,,,,
user160,фио160,Уборщик территории,Ростов-на-Дону,Административно-хозяйственная,Клининг,,Уборщик,активный ,Medium,=O4ldeog414DEq{%(D=A,,,,,
user161,фио161,Трейдер по экспорту в Китай,Торговый блок,Зерновая торговля,Экспорт Азия,Москва,Трейдер,активный ,Medium,L)7Qro0f!J*Jtt6>;T5A,,,,,
user162,фио162,Менеджер по закупкам ГСМ,Логистический блок,Логистика и порты,Закупки ГСМ,Москва,Менеджер закупок,активный ,Medium,r1bDUPwKx>5S,,,,,
user163,фио163,Оператор АЗС компании,Логистический блок,Логистика и порты,Автопарк,Ростов-на-Дону,Оператор АЗС,активный ,Medium,X:Qp]iO5O+PI1,,,,,
user164,фио164,Старший логист,Логистический блок,Логистика и порты,Морские перевозки,Новороссийск,Старший логист,активный ,Medium,6(tVBLvVar5s2]kXa,,,,,
user165,фио165,Координатор экспедирования,Логистический блок,Логистика и порты,Экспедирование,Новороссийск,Координатор,активный ,Medium,&RCX5)RI5f;iu,,,,,
user166,фио166,Бухгалтер по авансам,Финансы и казначейство,Бухгалтерия,Расчёты,Москва,Бухгалтер,активный ,Medium,<]P>8(A/0fnBGcgD,,,,,
user167,фио167,Ведущий инженер АСУ ТП,Москва,IT и цифровизация,Автоматизация,,Инженер АСУ ТП,активный ,Medium,cKH1xQ1.az0e,,,,,
user168,фио168,Оператор элеватора,Производственный блок,Переработка и хранение,Элеватор Волгоград,Волгоград,Оператор,активный ,Medium,UdwRu6=x.1|2^:Bq,,,,,
user169,фио169,Лаборант,Производственный блок,Переработка и хранение,Лаборатория Волгоград,Волгоград,Лаборант,активный ,Medium,5*A91!dY<gfaC+o]R,,,,,
user170,фио170,Электрик высокой квалификации,Производственный блок,Переработка и хранение,Техобслуживание,Волгоград,Электрик,активный ,Medium,2B_W0i1z%K/+{<RYD{S@,,,,,
user171,фио171,Трейдер по внутреннему маслу,Торговый блок,Масличная торговля,Внутренние продажи масла,Москва,Трейдер,активный ,Medium,1!ach.8P:[IC,,,,,
user172,фио172,Менеджер по работе с ключевыми клиентами,Торговый блок,Масличная торговля,Продажи,Москва,Ключевой клиент-менеджер,активный ,Medium,&feoZaDs%ha0P,,,,,
user173,фио173,Начальник смены порта Тамань,Логистический блок,Логистика и порты,Терминал Тамань,Тамань,Мастер смены,активный ,Medium,^FL1i;.vsdY/Wf;Azb,,,,,
user174,фио174,Тальман-счётчик,Логистический блок,Логистика и порты,Учёт грузов,Тамань,Тальман,активный ,Medium,ntZ;_VdA[wp1&{iTz,,,,,
user175,фио175,Охранник терминала,Тамань,Административно-хозяйственная,Физическая безопасность,,Охранник,активный ,Medium,/UxW=GXZpQfL0h_&X,,,,,
user176,фио176,Уборщик портовых помещений,Новороссийск,Административно-хозяйственная,Клининг,,Уборщик,активный ,Medium,"7Zc!1|1(&_f!niK,)",,,,,
user177,фио177,HR-специалист по адаптации,Москва,HR и административная,Обучение и развитие,,Онбординг,активный ,Medium,nd%Y+n-p$<IXF7S8,,,,,
user178,фио178,Юрист по трудовому праву,Москва,Юридическая и комплаенс,Трудовые споры,,Юрист,активный ,Medium,+2J4OxfVZjlqc5<7!YTV,,,,,
user179,фио179,Оператор линии розлива,Производственный блок,Переработка и хранение,МЭЗ Краснодар,Краснодар,Оператор,активный ,Medium,{Xcc:U?j8<b0M,,,,,
user180,фио180,Кладовщик готовой продукции,Производственный блок,Переработка и хранение,Склад ГП,Краснодар,Кладовщик,активный ,Medium,6FA#Lt7*1#[7Cj>C,,,,,
user181,фио181,Логист по речным перевозкам,Логистический блок,Логистика и порты,Речные перевозки,Волгоград,Логист,активный ,Medium,.6-p>NGdDlK6,,,,,
user182,фио182,Диспетчер речного флота,Логистический блок,Логистика и порты,Речной транспорт,Волгоград,Диспетчер,активный ,Medium,"0#6&n&sv]Z6zcmE,Ei7.",,,,,
user183,фио183,Трейдер по экспорту в Турцию,Торговый блок,Зерновая торговля,Экспорт Турция,Москва,Трейдер,активный ,Medium,T.hhJ!Y$m!x|Ko!n6*V),,,,,
user184,фио184,Менеджер по сертификации экспорта,Москва,Юридическая и комплаенс,Качество и сертификация,,Экспортный менеджер,активный ,Medium,jeY);=D28?RanvrV,,,,,
user185,фио185,Старший оператор элеватора,Производственный блок,Переработка и хранение,Элеватор Ростов,Ростов-на-Дону,Старший оператор,активный ,Medium,GSS86>maruLGq;*i{@r],,,,,
user186,фио186,Инженер ПТО,Производственный блок,Переработка и хранение,Технический отдел,Ростов-на-Дону,Инженер ПТО,активный ,Medium,"K1KmnR%gfYE_,$",,,,,
user187,фио187,Электромеханик,Производственный блок,Переработка и хранение,Техобслуживание,Самара,Электромеханик,активный ,Medium,mV_MnH^1-:2sy>NLTBI,,,,,
user188,фио188,Охранник МЭЗа,Воронеж,Административно-хозяйственная,Физическая безопасность,,Охранник,активный ,Medium,A(3I7kRviB:dG|j4U,,,,,
user189,фио189,Уборщик производственных помещений,Воронеж,Административно-хозяйственная,Клининг,,Уборщик,активный ,Medium,C[-/W7a^t/Iz,,,,,
user190,фио190,Трейдер по фьючерсам,Москва,Финансы и казначейство,Хеджирование,,Трейдер,активный ,Medium,"Ab6%1P,C2[*jM//",,,,,
user191,фио191,Риск-менеджер,Москва,Финансы и казначейство,Управление рисками,,Риск-менеджер,активный ,Medium,59+:u)7GOnIPl^tfB;z,,,,,
user192,фио192,Оператор котельной,Производственный блок,Переработка и хранение,Энергетика,Краснодар,Оператор котельной,активный ,Medium,"?w/z|>q[,NM7kolWK",,,,,
user193,фио193,Машинист котельной,Производственный блок,Переработка и хранение,Энергетика,Краснодар,Машинист,активный ,Medium,m)46}vJF8Wb!5[,,,,,
user194,фио194,Логист по импорту оборудования,Логистический блок,Логистика и порты,Закупки импорт,Москва,Логист,активный ,Medium,O}W^HYrP?6i<f)&r)/,,,,,
user195,фио195,Таможенный декларант,Москва,Внешнеэкономическая деятельность,Таможенное оформление,,Декларант,активный ,Medium,[]Sg4!?T2B?#E_,,,,,
user196,фио196,Бухгалтер по импортным операциям,Финансы и казначейство,Бухгалтерия,ВЭД учёт,Москва,Бухгалтер,активный ,Medium,<pW0moRJ:GdjXmA}Qs,,,,,
user197,фио197,Старший лаборант,Производственный блок,Переработка и хранение,Центральная лаборатория,Москва,Старший лаборант,активный ,Medium,g)/DU=n.f:H%xU4z|p3p,,,,,
user198,фио198,Водитель-экспедитор,Логистический блок,Логистика и порты,Автопарк Новороссийск,Новороссийск,Водитель,активный ,Medium,(9buR3cF%oN*g*suy@X,,,,,
user199,фио199,Кладовщик,Логистический блок,Логистика и порты,Склад запчастей,Новороссийск,Кладовщик,активный ,Medium,W>a1DK(z[3!6YyYME,,,,,
user200,фио200,Охранник склада,Новороссийск,Административно-хозяйственная,Физическая безопасность,,Охранник,активный ,Medium,F79^hkuxT/{!,,,,,
user201,фио201,Оператор элеватора,Производственный блок,Переработка и хранение,Элеватор Ростов,Ростов-на-Дону,Оператор АСУ,активный ,Medium,EF<>E_I1]uW9CR.aT1%,,,,,
user202,фио202,Лаборант,Производственный блок,Переработка и хранение,Лаборатория элеватора,Ростов-на-Дону,Лаборант,активный ,Medium,gCw{%Q%5*42MKvs7&P?,,,,,
user203,фио203,Электрик,Производственный блок,Переработка и хранение,Техобслуживание,Ростов-на-Дону,Электрик,активный ,Medium,"GrI,Y;_E0?lBxh(3Oa",,,,,
user204,фио204,Слесарь-ремонтник,Производственный блок,Переработка и хранение,Ремонтная бригада,Ростов-на-Дону,Слесарь,активный ,Medium,VKIm2jp.!kC},,,,,
user205,фио205,Водитель погрузчика,Производственный блок,Переработка и хранение,Элеватор Ростов,Ростов-на-Дону,Водитель ССТ,активный ,Medium,M-]&-xx0?(6Mo,,,,,
user206,фио206,Кладовщик,Производственный блок,Переработка и хранение,Складской учёт,Ростов-на-Дону,Кладовщик,активный ,Medium,Ma^hP3}F.Y1i,,,,,
user207,фио207,Оператор МЭЗа,Производственный блок,Переработка и хранение,МЭЗ Краснодар,Краснодар,Оператор,активный ,Medium,HLP1#a6+2@_h)R+,,,,,
user208,фио208,Мастер смены МЭЗа,Производственный блок,Переработка и хранение,МЭЗ Краснодар,Краснодар,Мастер смены,активный ,Medium,"b5G]4S!m.h;UX,aqo",,,,,
user209,фио209,Лаборант химик,Производственный блок,Переработка и хранение,Лаборатория МЭЗ,Краснодар,Лаборант,активный ,Medium,0Bd7#V^j|dp.C,,,,,
user210,фио210,Инженер КИПиА,Производственный блок,Переработка и хранение,Техобслуживание,Краснодар,Инженер КИП,активный ,Medium,PD_Zk^3S=I_l(iDru,,,,,
user211,фио211,Логист морских перевозок,Логистический блок,Логистика и порты,Морские перевозки,Новороссийск,Логист SAP,активный ,Medium,Q:]s<@5Yxz^J82,,,,,
user212,фио212,Диспетчер порта,Логистический блок,Логистика и порты,Терминал Новороссийск,Новороссийск,Диспетчер,активный ,Medium,",8+A)[J,1Id-Ol{",,,,,
user213,фио213,Тальман,Логистический блок,Логистика и порты,Портовый учёт,Новороссийск,Тальман,активный ,Medium,yW&h2LoXPi2*s8/#Ml,,,,,
user214,фио214,Охранник терминала,Новороссийск,Административно-хозяйственная,Физическая безопасность,,Охранник,активный ,Medium,x+JuFz-9!u>%QmV1DW,,,,,
user215,фио215,Уборщик портовых помещений,Новороссийск,Административно-хозяйственная,Клининг,,Уборщик,активный ,Medium,m=UMJU7*).cqjT6,,,,,
user216,фио216,Трейдер пшеницы,Торговый блок,Зерновая торговля,Торговля пшеницей,Москва,Трейдер,активный ,Medium,<Dq7qWY@=Ab[,,,,,
user217,фио217,Трейдер кукурузы,Торговый блок,Зерновая торговля,Торговля кукурузой,Москва,Трейдер,активный ,Medium,jg;4(<D*TEaV,,,,,
user218,фио218,Аналитик зернового рынка,Торговый блок,Зерновая торговля,Аналитика рынков,Москва,Аналитик,активный ,Medium,6Z|;4-B9/D:bDBF_,,,,,
user219,фио219,Менеджер по закупкам сырья,Торговый блок,Масличная торговля,Закупки у сельхозпроизводителей,Воронеж,Менеджер закупок,активный ,Medium,_D9u?h$0h{U#,,,,,
user220,фио220,Бухгалтер по зарплате,Финансы и казначейство,Бухгалтерия,Расчёт зарплаты,Москва,Бухгалтер РСВ,активный ,Medium,j86+P4hEyq-g,,,,,
user221,фио221,Казначей,Финансы и казначейство,Казначейство,Платежи и банки,Москва,Казначей,активный ,Medium,vxN|5C#*9&*=kowZ2uL-,,,,,
user222,фио222,Системный администратор,Москва,IT и цифровизация,Инфраструктура,,Администратор AD,активный ,Medium,h&*dTUb8^7n_R@{,,,,,
user223,фио223,Разработчик 1С,Москва,IT и цифровизация,Разработка 1С,,Разработчик 1С,активный ,Medium,"kb6e)dH,#w3U0FI;mvg",,,,,
user224,фио224,HR-специалист по подбору,Москва,HR и административная,Подбор персонала,,Рекрутер,активный ,Medium,0:=a:?fDLrZ=glBW,,,,,
user225,фио225,Юрист договорного отдела,Москва,Юридическая и комплаенс,Договорная работа,,Юрист,активный ,Medium,fWp@<tW$u3(N3is(,,,,,
user226,фио226,Оператор элеватора,Производственный блок,Переработка и хранение,Элеватор Волгоград,Волгоград,Оператор АСУ,активный ,Medium,3_FLd12^.fI6xlqe,,,,,
user227,фио227,Лаборант,Производственный блок,Переработка и хранение,Лаборатория Волгоград,Волгоград,Лаборант,активный ,Medium,by!4xDR;%r90sKT6pe,,,,,
user228,фио228,Электрик,Производственный блок,Переработка и хранение,Техобслуживание,Волгоград,Электрик,активный ,Medium,$aZkU48E3vOPth!*,,,,,
user229,фио229,Слесарь-ремонтник,Производственный блок,Переработка и хранение,Ремонтная бригада,Волгоград,Слесарь,активный ,Medium,#gAzA=hlJ5aG*i,,,,,
user230,фио230,Водитель-экспедитор,Логистический блок,Логистика и порты,Автопарк Волгоград,Волгоград,Водитель,активный ,Medium,2|os2QT@6=1Z],,,,,
user231,фио231,Логист ж/д перевозок,Логистический блок,Логистика и порты,Ж/д перевозки,Ростов-на-Дону,Логист,активный ,Medium,*0R&SIevl.2KK1E;h%]Z,,,,,
user232,фио232,Диспетчер ж/д,Логистический блок,Логистика и порты,Ж/д перевозки,Ростов-на-Дону,Диспетчер,активный ,Medium,"gYN,=x,#)i&Cnr3?)J",,,,,
user233,фио233,Оператор МЭЗа,Производственный блок,Переработка и хранение,МЭЗ Воронеж,Воронеж,Оператор,активный ,Medium,0&z?@$&CY0AD(A,,,,,
user234,фио234,Мастер смены МЭЗа,Производственный блок,Переработка и хранение,МЭЗ Воронеж,Воронеж,Мастер смены,активный ,Medium,]/?Je0nliV)V@YzQ,,,,,
user235,фио235,Лаборант химик,Производственный блок,Переработка и хранение,Лаборатория МЭЗ,Воронеж,Лаборант,активный ,Medium,"}VCl*5[a,}L%2k",,,,,
user236,фио236,Трейдер подсолнечника,Торговый блок,Масличная торговля,Торговля подсолнечником,Москва,Трейдер,активный ,Medium,Vq#-s7q!#_jvQNZK,,,,,
user237,фио237,Трейдер масла,Торговый блок,Масличная торговля,Торговля маслом,Москва,Трейдер,активный ,Medium,l9UfN?EJRq%s2n,,,,,
user238,фио238,Начальник элеватора Тамань,Производственный блок,Переработка и хранение,Элеватор Тамань,Тамань,Руководитель объекта,активный ,Medium,i]&Um-a3$F9g5#Qe,,,,,
user239,фио239,Оператор элеватора,Производственный блок,Переработка и хранение,Элеватор Тамань,Тамань,Оператор АСУ,активный ,Medium,8IG&oe/:<%#K=(+Wt,,,,,
user240,фио240,Сварщик,Производственный блок,Переработка и хранение,Ремонтная служба,Тамань,Сварщик 6 разряда,активный ,Medium,"7b,mNd[-9V4%rv",,,,,
user241,фио241,Электромонтёр,Производственный блок,Переработка и хранение,Техобслуживание,Тамань,Электрик,активный ,Medium,"2#^uOpKxwCh%C7FrV,8",,,,,
user242,фио242,Логист авто,Логистический блок,Логистика и порты,Автоперевозки,Краснодар,Логист,активный ,Medium,FBf_TI0y:NL*4q,,,,,
user243,фио243,Водитель-экспедитор,Логистический блок,Логистика и порты,Автопарк Краснодар,Краснодар,Водитель,активный ,Medium,7<&(BZ^.nHt{aJP,,,,,
user244,фио244,Бухгалтер филиала,Краснодар,Финансы и казначейство,Бухгалтерия филиала,,Бухгалтер,активный ,Medium,"m#_VO{86E(,?r7r",,,,,
user245,фио245,HR-специалист филиала,Новороссийск,HR и административная,Подбор,,Рекрутер,активный ,Medium,{B;/f@=|H0RpFZ,,,,,
user246,фио246,Оператор весовой,Производственный блок,Переработка и хранение,Элеватор Саратов,Саратов,Оператор,активный ,Medium,6Soibo2p}=Te,,,,,
user247,фио247,Кладовщик,Производственный блок,Переработка и хранение,Складской учёт,Саратов,Кладовщик,активный ,Medium,"w>H544FyLv,Yx",,,,,
user248,фио248,Охранник элеватора,Саратов,Административно-хозяйственная,Физическая безопасность,,Охранник,активный ,Medium,6pO_cQbs{B:<],,,,,
user249,фио249,Уборщик территории,Самара,Административно-хозяйственная,Клининг,,Уборщик,активный ,Medium,6?U@a6$#d)mZd,,,,,
user250,фио250,Трейдер экспорт,Торговый блок,Зерновая торговля,Экспортные продажи,Москва,Экспортный трейдер,активный ,Medium,qKc=+-sTrcN49=g^GH*c,,,,,
user251,фио251,Менеджер по ВЭД,Москва,Внешнеэкономическая деятельность,Таможенное оформление,,ВЭД-специалист,активный ,Medium,"7Z6zn)1_WoYQoR,;3nA[",,,,,
user252,фио252,Документовед ВЭД,Москва,Внешнеэкономическая деятельность,Документация ВЭД,,Оформитель ВЭД,активный ,Medium,"9iGR.DS>M,GI^x]Zs@1W",,,,,
user253,фио253,Переводчик английского,Москва,Внешнеэкономическая деятельность,ВЭД и контракты,,Переводчик,активный ,Medium,{K?adb<2Ky/ZJ4I.;,,,,,
user254,фио254,Логист-контейнеры,Логистический блок,Логистика и порты,Контейнерные перевозки,Новороссийск,Логист,активный ,Medium,",,8?([y_oFBV)2Z#v[G",,,,,
user255,фио255,Супервайзер порта,Логистический блок,Логистика и порты,Терминал Новороссийск,Новороссийск,Супервайзер,активный ,Medium,i&SCqhgO1%[Ts4-E.,,,,,
user256,фио256,Тальман-счётчик,Логистический блок,Логистика и порты,Учёт грузов,Новороссийск,Тальман,активный ,Medium,N5duS;Wlo5kj}p,,,,,
user257,фио257,Оператор линии розлива,Производственный блок,Переработка и хранение,МЭЗ Краснодар,Краснодар,Оператор,активный ,Medium,J}4oS$w(UcU1!xj,,,,,
user258,фио258,Кладовщик готовой продукции,Производственный блок,Переработка и хранение,Склад ГП,Краснодар,Кладовщик,активный ,Medium,ET@c3caOOU.n,,,,,
user259,фио259,Инженер-энергетик,Производственный блок,Переработка и хранение,Техобслуживание,Краснодар,Энергетик,активный ,Medium,a*!QlCQ@{wO8AyY,,,,,
user260,фио260,Машинист котельной,Производственный блок,Переработка и хранение,Энергетика,Воронеж,Машинист,активный ,Medium,5bw.W$NMuZj^w,,,,,
user261,фио261,Старший оператор элеватора,Производственный блок,Переработка и хранение,Элеватор Ростов,Ростов-на-Дону,Старший оператор,активный ,Medium,=Mxy1t6v:BK!@AHT,,,,,
user262,фио262,Инженер ПТО,Производственный блок,Переработка и хранение,Технический отдел,Ростов-на-Дону,Инженер ПТО,активный ,Medium,@rkB8nd{*3sP,,,,,
user263,фио263,Электромеханик,Производственный блок,Переработка и хранение,Техобслуживание,Волгоград,Электромеханик,активный ,Medium,}T{6{#h=R?5k,,,,,
user264,фио264,Логист по речным перевозкам,Логистический блок,Логистика и порты,Речные перевозки,Волгоград,Логист,активный ,Medium,"P@08N,H6<uJv9{Yb",,,,,
user265,фио265,Диспетчер речного флота,Логистический блок,Логистика и порты,Речной транспорт,Волгоград,Диспетчер,активный ,Medium,WoSLmb>7BJX6.W)q1,,,,,
user266,фио266,Трейдер по шроту,Торговый блок,Масличная торговля,Торговля шротом,Москва,Трейдер,активный ,Medium,"*U.Zg,4JZa+<47b$q$",,,,,
user267,фио267,Менеджер по работе с ключевыми клиентами,Торговый блок,Масличная торговля,Продажи,Москва,Ключевой клиент-менеджер,активный ,Medium,c!2Tg4J[jeQ9pqp,,,,,
user268,фио268,Бухгалтер по налогам,Финансы и казначейство,Бухгалтерия,Налоговый учёт,Москва,Налоговый бухгалтер,активный ,Medium,{C5[qdu4FTk]BPB,,,,,
user269,фио269,Экономист по бюджетированию,Москва,Финансы и казначейство,Бюджетирование,,Экономист,активный ,Medium,34EAU+E}Uu{UC,,,,,
user270,фио270,Администратор SAP,Москва,IT и цифровизация,ERP-поддержка,,Администратор SAP,активный ,Medium,9chIt#YJ?V{C_P5!,,,,,
user271,фио271,Ведущий инженер АСУ ТП,Москва,IT и цифровизация,Автоматизация,,Инженер АСУ ТП,активный ,Medium,CKMLzaj8}Z2i%c_6B^+O,,,,,
user272,фио272,Оператор котельной,Производственный блок,Переработка и хранение,Энергетика,Самара,Оператор котельной,активный ,Medium,gC_KBa7tLh;&,,,,,
user273,фио273,Механик элеватора,Производственный блок,Переработка и хранение,Техобслуживание,Самара,Механик,активный ,Medium,>cVw@yFWVAYk0,,,,,
user274,фио274,Старший механик,Производственный блок,Переработка и хранение,Техобслуживание,Тамань,Старший механик,активный ,Medium,o6IC*MC6a*j$KtU,,,,,
user275,фио275,Энергетик,Производственный блок,Переработка и хранение,Энергоснабжение,Тамань,Энергетик,активный ,Medium,YeRn.Qh2#2P6@@t,,,,,
user276,фио276,Логист по импорту оборудования,Логистический блок,Логистика и порты,Закупки импорт,Москва,Логист,активный ,Medium,Bec>^-+FF3E@cxeud1s$,,,,,
user277,фио277,Таможенный декларант,Москва,Внешнеэкономическая деятельность,Таможенное оформление,,Декларант,активный ,Medium,8Lu0@LPxD2r2>fAzE,,,,,
user278,фио278,Бухгалтер по импортным операциям,Финансы и казначейство,Бухгалтерия,ВЭД учёт,Москва,Бухгалтер,активный ,Medium,Rn{vYFgQ:J0J,,,,,
user279,фио279,Старший лаборант,Производственный блок,Переработка и хранение,Центральная лаборатория,Москва,Старший лаборант,активный ,Medium,QJ.p-G]J0W|pu,,,,,
user280,фио280,Водитель-курьер,Москва,Административно-хозяйственная,Офис Москва,,Водитель,активный ,Medium,"<,F>T7m6rtQ0",,,,,
user281,фио281,Офис-менеджер,Ростов-на-Дону,Административно-хозяйственная,Администрация,,Администратор,активный ,Medium,ZXCL|6IV<t3z,,,,,
user282,фио282,Уборщица,Москва,Административно-хозяйственная,Клининг,,Уборщик помещений,активный ,Medium,WSD0Xl7@<q8ow*ck%,,,,,
user283,фио283,Охранник объекта,Краснодар,Административно-хозяйственная,Физическая безопасность,,Охранник,активный ,Medium,Ee[_x;_z4TxL,,,,,
user284,фио284,Трейдер по фьючерсам,Москва,Финансы и казначейство,Хеджирование,,Трейдер,активный ,Medium,"I#MSqw7F2*,W6C]",,,,,
user285,фио285,Риск-менеджер,Москва,Финансы и казначейство,Управление рисками,,Риск-менеджер,активный ,Medium,UYZy:2E;_n<lrZ.Y,,,,,
user286,фио286,Оператор сушилки,Производственный блок,Переработка и хранение,Элеватор Саратов,Саратов,Оператор,активный ,Medium,>&$F}Fh2P6Sd,,,,,
user287,фио287,Кладовщик порта,Логистический блок,Логистика и порты,Портовый склад,Новороссийск,Кладовщик,активный ,Medium,"kus,S-[xm-v3onSd",,,,,
user288,фио288,Лаборант портового терминала,Логистический блок,Логистика и порты,Качество зерна,Новороссийск,Лаборант,активный ,Medium,O+m/:9*T=Vk_(R,,,,,
user289,фио289,Инженер-проектировщик,Москва,Технический блок,Капитальное строительство,,Инженер-проектировщик,активный ,Medium,"9(lave,mS1P!ZC$;d",,,,,
user290,фио290,Документовед,Москва,Административно-хозяйственная,ЭДО и архив,,Документовед,активный ,Medium,/0h6PF#h>0Q&rna2A,,,,,
user291,фио291,HR-специалист по адаптации,Москва,HR и административная,Обучение и развитие,,Онбординг,активный ,Medium,"T|A2(J/,Eh5<G",,,,,
user292,фио292,Юрист по трудовому праву,Москва,Юридическая и комплаенс,Трудовые споры,,Юрист,активный ,Medium,}-*}*h44wN4cl!,,,,,
user293,фио293,Менеджер по сертификации,Москва,Юридическая и комплаенс,Качество и комплаенс,,Сертификация,активный ,Medium,-Oo<N/o%e<x[?Hv6cp86,,,,,
user294,фио294,Трейдер по экспорту в Китай,Торговый блок,Зерновая торговUnnamed,Экспорт Азия,Москва,Трейдер,активный ,Medium,"eBHY*}mfHx]|Ohu5a,",,,,,
user295,фио295,Менеджер по закупкам ГСМ,Логистический блок,Логистика и порты,Закупки ГСМ,Москва,Менеджер закупок,активный ,Medium,R&^VgAX)7P#4D(ntKH5,,,,,
user296,фио296,Оператор АЗС компании,Логистический блок,Логистика и порты,Автопарк,Ростов-на-Дону,Оператор АЗС,активный ,Medium,suI;T>DBk%)]1:1o1,,,,,
user297,фио297,Старший логист,Логистический блок,Логистика и порты,Морские перевозки,Новороссийск,Старший логист,активный ,Medium,6qST!e_rIpE1$,,,,,
user298,фио298,Координатор экспедирования,Логистический блок,Логистика и порты,Экспедирование,Новороссийск,Координатор,активный ,Medium,"30?l,ncZecytW_",,,,,
user299,фио299,Бухгалтер по авансам,Финансы и казначейство,Бухгалтерия,Расчёты,Москва,Бухгалтер,активный ,Medium,G*EvymXow+H2#=2s1DVh,,,,,
user300,фио300,Трейдер по внутреннему маслу,Торговый блок,Масличная торговля,Внутренние продажи масла,Москва,Трейдер,активный ,Medium,t3Wo{|E|1Z/8yD0Zg,,,,,
user301,фио301,Оператор элеватора,Производственный блок,Переработка и хранение,Элеватор Ростов,Ростов-на-Дону,Оператор АСУ,активный ,Medium,1DY9bl[vxl;S,,,,,
user302,фио302,Лаборант,Производственный блок,Переработка и хранение,Лаборатория элеватора,Ростов-на-Дону,Лаборант,активный ,Medium,30Idl@.to0#I],,,,,
user303,фио303,Электрик,Производственный блок,Переработка и хранение,Техобслуживание,Ростов-на-Дону,Электрик,активный ,Medium,WZ&8I(PO0xo+b2h,,,,,
user304,фио304,Слесарь-ремонтник,Производственный блок,Переработка и хранение,Ремонтная бригада,Ростов-на-Дону,Слесарь,активный ,Medium,LV1)BelP37dC|,,,,,
user305,фио305,Водитель погрузчика,Производственный блок,Переработка и хранение,Элеватор Ростов,Ростов-на-Дону,Водитель ССТ,активный ,Medium,"n1G,aN7<j?;@a9ds_n|",,,,,
user306,фио306,Кладовщик,Производственный блок,Переработка и хранение,Складской учёт,Ростов-на-Дону,Кладовщик,активный ,Medium,_3CON*0(rZx1!Wl,,,,,
user307,фио307,Оператор МЭЗа,Производственный блок,Переработка и хранение,МЭЗ Краснодар,Краснодар,Оператор,активный ,Medium,o?526SEg/wqD,,,,,
user308,фио308,Мастер смены МЭЗа,Производственный блок,Переработка и хранение,МЭЗ Краснодар,Краснодар,Мастер смены,активный ,Medium,:%N:6J*kYjRA>,,,,,
user309,фио309,Лаборант химик,Производственный блок,Переработка и хранение,Лаборатория МЭЗ,Краснодар,Лаборант,активный ,Medium,=ml;5hXN-g#VtaBZOp,,,,,
user310,фио310,Инженер КИПиА,Производственный блок,Переработка и хранение,Техобслуживание,Краснодар,Инженер КИП,активный ,Medium,suvB@i}0@-8Gwx,,,,,
user311,фио311,Логист морских перевозок,Логистический блок,Логистика и порты,Морские перевозки,Новороссийск,Логист SAP,активный ,Medium,/ev=kGCt6gI),,,,,
user312,фио312,Диспетчер порта,Логистический блок,Логистика и порты,Терминал Новороссийск,Новороссийск,Диспетчер,активный ,Medium,"8+A)[J,1Id-Ol{",,,,,
user313,фио313,Тальман,Логистический блок,Логистика и порты,Портовый учёт,Новороссийск,Тальман,активный ,Medium,)(}V@4B/c;sfy94L,,,,,
user314,фио314,Охранник терминала,Новороссийск,Административно-хозяйственная,Физическая безопасность,,Охранник,активный ,Medium,giYMMH&PZ]H3Y,,,,,
user315,фио315,Уборщик портовых помещений,Новороссийск,Административно-хозяйственная,Клининг,,Уборщик,активный ,Medium,NqQwW1:Uorx2HI,,,,,
user316,фио316,Оператор элеватора,Производственный блок,Переработка и хранение,Элеватор Волгоград,Волгоград,Оператор АСУ,активный ,Medium,"3s#Eb*K9]i1,",,,,,
user317,фио317,Лаборант,Производственный блок,Переработка и хранение,Лаборатория Волгоград,Волгоград,Лаборант,активный ,Medium,q3f#CSG=;_ia69)Dr6^,,,,,
user318,фио318,Электрик,Производственный блок,Переработка и хранение,Техобслуживание,Волгоград,Электрик,активный ,Medium,l&ORDrv0sFxt.P,,,,,
user319,фио319,Слесарь-ремонтник,Производственный блок,Переработка и хранение,Ремонтная бригада,Волгоград,Слесарь,активный ,Medium,s9-jgg[a6Ce-J%t,,,,,
user320,фио320,Водитель-экспедитор,Логистический блок,Логистика и порты,Автопарк Волгоград,Волгоград,Водитель,активный ,Medium,5oO+8ZF&i)2Wj1[)+]61,,,,,
user321,фио321,Оператор МЭЗа,Производственный блок,Переработка и хранение,МЭЗ Воронеж,Воронеж,Оператор,активный ,Medium,EF2N]VroIiL&KJ:5?,,,,,
user322,фио322,Мастер смены МЭЗа,Производственный блок,Переработка и хранение,МЭЗ Воронеж,Воронеж,Мастер смены,активный ,Medium,"+Dqs_Xij>,fb2N!Q",,,,,
user323,фио323,Лаборант химик,Производственный блок,Переработка и хранение,Лаборатория МЭЗ,Воронеж,Лаборант,активный ,Medium,"5oMM,8QL$@CTbl2W",,,,,
user324,фио324,Инженер КИПиА,Производственный блок,Переработка и хранение,Техобслуживание,Воронеж,Инженер КИП,активный ,Medium,:.6BDeMKx/fKJ],,,,,
user325,фио325,Оператор элеватора,Производственный блок,Переработка и хранение,Элеватор Тамань,Тамань,Оператор АСУ,активный ,Medium,vn.2W+3$T=-KVGH:7^>,,,,,
user326,фио326,Сварщик,Производственный блок,Переработка и хранение,Ремонтная служба,Тамань,Сварщик 6 разряда,активный ,Medium,0T^*2gAp[WUa}y43,,,,,
user327,фио327,Электромонтёр,Производственный блок,Переработка и хранение,Техобслуживание,Тамань,Электрик,активный ,Medium,"1-8E/rdlQN,Z>@",,,,,
user328,фио328,Логист авто,Логистический блок,Логистика и порты,Автоперевозки,Краснодар,Логист,активный ,Medium,8unBeWb1c(c>g5Mi,,,,,
user329,фио329,Водитель-экспедитор,Логистический блок,Логистика и порты,Автопарк Краснодар,Краснодар,Водитель,активный ,Medium,7K1{<%K2wxY*z},,,,,
user330,фио330,Оператор весовой,Производственный блок,Переработка и хранение,Элеватор Саратов,Саратов,Оператор,активный ,Medium,",Rvz+^9}j2=Y]$%lLD#f",,,,,
user331,фио331,Кладовщик,Производственный блок,Переработка и хранение,Складской учёт,Саратов,Кладовщик,активный ,Medium,8k:a%)Hu(Xjo,,,,,
user332,фио332,Охранник элеватора,Саратов,Административно-хозяйственная,Физическая безопасность,,Охранник,активный ,Medium,"X[JTAqCO:9j0W,",,,,,
user333,фио333,Уборщик территории,Самара,Административно-хозяйственная,Клининг,,Уборщик,активный ,Medium,>_RBC*q>5ICeebH#sO5,,,,,
user334,фио334,Оператор линии розлива,Производственный блок,Переработка и хранение,МЭЗ Краснодар,Краснодар,Оператор,активный ,Medium,FC]J}2#pYbrB|M$,,,,,
user335,фио335,Кладовщик готовой продукции,Производственный блок,Переработка и хранение,Склад ГП,Краснодар,Кладовщик,активный ,Medium,TX0i#s_H)=0!hj&3,,,,,
user336,фио336,Инженер-энергетик,Производственный блок,Переработка и хранение,Техобслуживание,Краснодар,Энергетик,активный ,Medium,a*!QlCQ@{wO8AyY,,,,,
user337,фио337,Машинист котельной,Производственный блок,Переработка и хранение,Энергетика,Воронеж,Машинист,активный ,Medium,Q(8S0v<3Ap]Wl.kGjvGP,,,,,
user338,фио338,Старший оператор элеватора,Производственный блок,Переработка и хранение,Элеватор Ростов,Ростов-на-Дону,Старший оператор,активный ,Medium,H*g>8m3ISM|1R:,,,,,
user339,фио339,Инженер ПТО,Производственный блок,Переработка и хранение,Технический отдел,Ростов-на-Дону,Инженер ПТО,активный ,Medium,i3@Qb@=L1()63*ggD|,,,,,
user340,фио340,Электромеханик,Производственный блок,Переработка и хранение,Техобслуживание,Волгоград,Электромеханик,активный ,Medium,}T{6{#h=R?5k,,,,,
user341,фио341,Логист по речным перевозкам,Логистический блок,Логистика и порты,Речные перевозки,Волгоград,Логист,активный ,Medium,"P@08N,H6<uJv9{Yb",,,,,
user342,фио342,Диспетчер речного флота,Логистический блок,Логистика и порты,Речной транспорт,Волгоград,Диспетчер,активный ,Medium,PImj79h}nKMEh0kESNz^,,,,,
user343,фио343,Оператор котельной,Производственный блок,Переработка и хранение,Энергетика,Самара,Оператор котельной,активный ,Medium,gC_KBa7tLh;&,,,,,
user344,фио344,Механик элеватора,Производственный блок,Переработка и хранение,Техобслуживание,Самара,Механик,активный ,Medium,gANIW1@hJph]ndTch,,,,,
user345,фио345,Старший механик,Производственный блок,Переработка и хранение,Техобслуживание,Тамань,Старший механик,активный ,Medium,JZno5TGX+bAsR-M,,,,,
user346,фио346,Энергетик,Производственный блок,Переработка и хранение,Энергоснабжение,Тамань,Энергетик,активный ,Medium,K.5tiVYKqI<55P4/}[m,,,,,
user347,фио347,Водитель-курьер,Москва,Административно-хозяйственная,Офис Москва,,Водитель,активный ,Medium,"<,F>T7m6rtQ0",,,,,
user348,фио348,Офис-менеджер,Ростов-на-Дону,Административно-хозяйственная,Администрация,,Администратор,активный ,Medium,mzG1qTPN|-C}Z,,,,,
user349,фио349,Уборщица,Москва,Административно-хозяйственная,Клининг,,Уборщик помещений,активный ,Medium,a=:x5<A]j8%K@,,,,,
user350,фио350,Охранник объекта,Краснодар,Административно-хозяйственная,Физическая безопасность,,Охранник,активный ,Medium,XFxw@D6Mz^}Sh(>^+f7,,,,,
user351,фио351,Оператор сушилки,Производственный блок,Переработка и хранение,Элеватор Саратов,Саратов,Оператор,активный ,Medium,_8IsU:tfH7n1,,,,,
user352,фио352,Кладовщик порта,Логистический блок,Логистика и порты,Портовый склад,Новороссийск,Кладовщик,активный ,Medium,"kus,S-[xm-v3onSd",,,,,
user353,фио353,Лаборант портового терминала,Логистический блок,Логистика и порты,Качество зерна,Новороссийск,Лаборант,активный ,Medium,{MbgBorx])eu1%*,,,,,
user354,фио354,Логист-контейнеры,Логистический блок,Логистика и порты,Контейнерные перевозки,Новороссийск,Логист,активный ,Medium,M8)8;EQ5+rVk9=T#<1?,,,,,
user355,фио355,Супервайзер порта,Логистический блок,Логистика и порты,Терминал Новороссийск,Новороссийск,Супервайзер,активный ,Medium,"NR{fft1Jax|3,",,,,,
user356,фио356,Тальман-счётчик,Логистический блок,Логистика и порты,Учёт грузов,Новороссийск,Тальман,активный ,Medium,wIi2F!7cYcC7cqQr3,,,,,
user357,фио357,Водитель-экспедитор,Логистический блок,Логистика и порты,Автопарк Новороссийск,Новороссийск,Водитель,активный ,Medium,M{aMON2?MZ2W<,,,,,
user358,фио358,Кладовщик,Логистический блок,Логистика и порты,Склад запчастей,Новороссийск,Кладовщик,активный ,Medium,)5ej]oCL()uH}P,,,,,
user359,фио359,Охранник склада,Новороссийск,Административно-хозяйственная,Физическая безопасность,,Охранник,активный ,Medium,"}X_,5>5aZaQ=AZCd.^8",,,,,
user360,фио360,Уборщик территории,Тамань,Административно-хозяйственная,Клининг,,Уборщик,активный ,Medium,H72H=IWL;L1?)MTd5vH,,,,,
user361,фио361,Оператор элеватора,Производственный блок,Переработка и хранение,Элеватор Самара,Самара,Оператор АСУ,активный ,Medium,L2{B.EUtMub),,,,,
user362,фио362,Лаборант,Производственный блок,Переработка и хранение,Лаборатория элеватора,Самара,Лаборант,активный ,Medium,agKYl&04l;07E-[SY,,,,,
user363,фио363,Электрик,Производственный блок,Переработка и хранение,Техобслуживание,Самара,Электрик,активный ,Medium,63ITO^hIBd=*,,,,,
user364,фио364,Слесарь-ремонтник,Производственный блок,Переработка и хранение,Ремонтная бригада,Самара,Слесарь,активный ,Medium,TXp.Y/ViXfI8E60*,,,,,
user365,фио365,Водитель погрузчика,Производственный блок,Переработка и хранение,Элеватор Самара,Самара,Водитель ССТ,активный ,Medium,EseiIe]];1;Qot,,,,,
user366,фио366,Кладовщик,Производственный блок,Переработка и хранение,Складской учёт,Самара,Кладовщик,активный ,Medium,sscaVL(J%p?=J5,,,,,
user367,фио367,Оператор МЭЗа,Производственный блок,Переработка и хранение,МЭЗ Краснодар,Краснодар,Оператор,активный ,Medium,ot-N2cbO}F(_0,,,,,
user368,фио368,Лаборант химик,Производственный блок,Переработка и хранение,Лаборатория МЭЗ,Краснодар,Лаборант,активный ,Medium,y3TGJ7b{:J2+Lqh1](H,,,,,
user369,фио369,Инженер КИПиА,Производственный блок,Переработка и хранение,Техобслуживание,Краснодар,Инженер КИП,активный ,Medium,6j|Lc1%bFFp-.^y5T&8,,,,,
user370,фио370,Мастер смены МЭЗа,Производственный блок,Переработка и хранение,МЭЗ Краснодар,Краснодар,Мастер смены,активный ,Medium,2-lUq/CK75.dG&Ue?,,,,,
user371,фио371,Логист ж/д перевозок,Логистический блок,Логистика и порты,Ж/д перевозки,Ростов-на-Дону,Логист,активный ,Medium,5yanKP]^m2YV/dWIW;-j,,,,,
user372,фио372,Диспетчер ж/д,Логистический блок,Логистика и порты,Ж/д перевозки,Ростов-на-Дону,Диспетчер,активный ,Medium,Z|ziu&dgSS<D$ztM(9A5,,,,,
user373,фио373,Водитель-экспедитор,Логистический блок,Логистика и порты,Автопарк Ростов,Ростов-на-Дону,Водитель,активный ,Medium,T3[x-n^2]%fwb:S*,,,,,
user374,фио374,Охранник,Ростов-на-Дону,Административно-хозяйственная,Физическая безопасность,,Охранник,активный ,Medium,KH(}ytocrr>phM0W,,,,,
user375,фио375,Уборщик территории,Воронеж,Административно-хозяйственная,Клининг,,Уборщик,активный ,Medium,g_9r[6u$Fc0fCn6y,,,,,
user376,фио376,Оператор элеватора,Производственный блок,Переработка и хранение,Элеватор Воронеж,Воронеж,Оператор АСУ,активный ,Medium,Rg]I/J:g2RwhT;dITH0,,,,,
user377,фио377,Лаборант,Производственный блок,Переработка и хранение,Лаборатория Воронеж,Воронеж,Лаборант,активный ,Medium,LJR+U}Q!9_xxbp}R>rX,,,,,
user378,фио378,Электрик,Производственный блок,Переработка и хранение,Техобслуживание,Воронеж,Электрик,активный ,Medium,Y)VVxw5AK^7D{yKb,,,,,
user379,фио379,Слесарь-ремонтник,Производственный блок,Переработка и хранение,Ремонтная бригада,Воронеж,Слесарь,активный ,Medium,915?)}Zzt1rPC[#*,,,,,
user380,фио380,Водитель погрузчика,Производственный блок,Переработка и хранение,Элеватор Воронеж,Воронеж,Водитель ССТ,активный ,Medium,/U4qKeLh:ALltE),,,,,
user381,фио381,Оператор МЭЗа,Производственный блок,Переработка и хранение,МЭЗ Воронеж,Воронеж,Оператор,активный ,Medium,t*5#VQsh1M8;2=&.D6,,,,,
user382,фио382,Лаборант химик,Производственный блок,Переработка и хранение,Лаборатория МЭЗ,Воронеж,Лаборант,активный ,Medium,Z<-#If2@dJl*{J+f,,,,,
user383,фио383,Инженер КИПиА,Производственный блок,Переработка и хранение,Техобслуживание,Воронеж,Инженер КИП,активный ,Medium,c-:rGSLpz/7}0Xw{17,,,,,
user384,фио384,Мастер смены МЭЗа,Производственный блок,Переработка и хранение,МЭЗ Воронеж,Воронеж,Мастер смены,активный ,Medium,"&o-}23|39jG_xu,p>)d",,,,,
user385,фио385,Логист авто,Логистический блок,Логистика и порты,Автоперевозки,Новороссийск,Логист,активный ,Medium,|0?0Db<TpO2?C-{gu,,,,,
user386,фио386,Водитель-экспедитор,Логистический блок,Логистика и порты,Автопарк Новороссийск,Новороссийск,Водитель,активный ,Medium,s2%zdJJxmv@K,,,,,
user387,фио387,Охранник терминала,Новороссийск,Административно-хозяйственная,Физическая безопасность,,Охранник,активный ,Medium,6jj$DW--#;ney8bKj,,,,,
user388,фио388,Уборщик портовых помещений,Новороссийск,Административно-хозяйственная,Клининг,,Уборщик,активный ,Medium,jC$tW3DDwDk?$;6J8,,,,,
user389,фио389,Оператор элеватора,Производственный блок,Переработка и хранение,Элеватор Тамань,Тамань,Оператор АСУ,активный ,Medium,@03qT{qE3Dl<7&>i,,,,,
user390,фио390,Сварщик,Производственный блок,Переработка и хранение,Ремонтная служба,Тамань,Сварщик 6 разряда,активный ,Medium,W&n:*#&w*uO7,,,,,
user391,фио391,Электромонтёр,Производственный блок,Переработка и хранение,Техобслуживание,Тамань,Электрик,активный ,Medium,$IQle6RJAe=S&#HN?&#,,,,,
user392,фио392,Кладовщик,Производственный блок,Переработка и хранение,Складской учёт,Тамань,Кладовщик,активный ,Medium,"88g@#%gM,cF^9OgYsgXe",,,,,
user393,фио393,Охранник элеватора,Тамань,Административно-хозяйственная,Физическая безопасность,,Охранник,активный ,Medium,"Ry*Fbm,Ny1R^W",,,,,
user394,фио394,Уборщик территории,Тамань,Административно-хозяйственная,Клининг,,Уборщик,активный ,Medium,pUwt^Qm.4:eTK=v,,,,,
user395,фио395,Оператор весовой,Производственный блок,Переработка и хранение,Элеватор Саратов,Саратов,Оператор,активный ,Medium,i5A[x0Az1RD&J],,,,,
user396,фио396,Кладовщик,Производственный блок,Переработка и хранение,Складской учёт,Саратов,Кладовщик,активный ,Medium,"yl{1Ob:OhQ%}D,|",,,,,
user397,фио397,Охранник элеватора,Саратов,Административно-хозяйственная,Физическая безопасность,,Охранник,активный ,Medium,k7jg}ct%;[0ZR,,,,,
user398,фио398,Уборщик территории,Саратов,Административно-хозяйственная,Клининг,,Уборщик,активный ,Medium,vXrm=y]9;qmZV,,,,,
user399,фио399,Логист ж/д перевозок,Логистический блок,Логистика и порты,Ж/д перевозки,Волгоград,Логист,активный ,Medium,0yjRF:Bt(_o8]z,,,,,
user400,фио400,Диспетчер ж/д,Логистический блок,Логистика и порты,Ж/д перевозки,Волгоград,Диспетчер,активный ,Medium,):0lkdUK|j1XRG3W_qd$,,,,,
user401,фио401,Водитель-экспедитор,Логистический блок,Логистика и порты,Автопарк Волгоград,Волгоград,Водитель,активный ,Medium,"b7yl:[*,6#A1B7>",,,,,
user402,фио402,Охранник,Волгоград,Административно-хозяйственная,Физическая безопасность,,Охранник,активный ,Medium,TnQ25v?a;.EZ0.{qYZ,,,,,
user403,фио403,Уборщик территории,Волгоград,Административно-хозяйственная,Клининг,,Уборщик,активный ,Medium,(86]Pi05Ev@yGANAvvf,,,,,
user404,фио404,Оператор элеватора,Производственный блок,Переработка и хранение,Элеватор Самара,Самара,Оператор АСУ,активный ,Medium,R2eYmKh0$?^U,,,,,
user405,фио405,Лаборант,Производственный блок,Переработка и хранение,Лаборатория элеватора,Самара,Лаборант,активный ,Medium,"=7qoesu_c&l(OB9,",,,,,
user406,фио406,Электрик,Производственный блок,Переработка и хранение,Техобслуживание,Самара,Электрик,активный ,Medium,"KEhD3tArXt<!2W&,",,,,,
user407,фио407,Слесарь-ремонтник,Производственный блок,Переработка и хранение,Ремонтная бригада,Самара,Слесарь,активный ,Medium,u)NRPvSs<S0G6]v2MN,,,,,
user408,фио408,Водитель погрузчика,Производственный блок,Переработка и хранение,Элеватор Самара,Самара,Водитель ССТ,активный ,Medium,".YuE(&,(a(Ta$7",,,,,
user409,фио409,Кладовщик,Производственный блок,Переработка и хранение,Складской учёт,Самара,Кладовщик,активный ,Medium,"(we1i|MTKvb!CY/,hQm-",,,,,
user410,фио410,Охранник элеватора,Самара,Административно-хозяйственная,Физическая безопасность,,Охранник,активный ,Medium,X;!bu7}@Nok9,,,,,
user411,фио411,Уборщик территории,Самара,Административно-хозяйственная,Клининг,,Уборщик,активный ,Medium,-9!o>]t9$MC3!l,,,,,
user412,фио412,Оператор МЭЗа,Производственный блок,Переработка и хранение,МЭЗ Краснодар,Краснодар,Оператор,активный ,Medium,hYw3]d|%dJ=dT91n,,,,,
user413,фио413,Лаборант химик,Производственный блок,Переработка и хранение,Лаборатория МЭЗ,Краснодар,Лаборант,активный ,Medium,)Lm:QvRF25TqaA,,,,,
user414,фио414,Инженер КИПиА,Производственный блок,Переработка и хранение,Техобслуживание,Краснодар,Инженер КИП,активный ,Medium,{kb:O$3quB!OS+-,,,,,
user415,фио415,Мастер смены МЭЗа,Производственный блок,Переработка и хранение,МЭЗ Краснодар,Краснодар,Мастер смены,активный ,Medium,)x6?(j=OMF{>Zb&+=7Qp,,,,,
user416,фио416,Логист морских перевозок,Логистический блок,Логистика и порты,Морские перевозки,Новороссийск,Логист SAP,активный ,Medium,3akIn/u#LK3:qAwgLU7I,,,,
user416,фио416,Логист морских перевозок,Логистический блок,Логистика и порты,Морские перевозки,Новороссийск,Логист SAP,активный ,Medium,3akIn/u#LK3:qAwgLU7I,,,,,
user417,фио417,Диспетчер порта,Логистический блок,Логистика и порты,Терминал Новороссийск,Новороссийск,Диспетчер,активный ,Medium,Qw!9eRty2$Gh7jK,,,,,
user418,фио418,Тальман,Логистический блок,Логистика и порты,Портовый учёт,Новороссийск,Тальман,активный ,Medium,"pL0mNbVcX1zA,sD",,,,,
user419,фио419,Охранник терминала,Новороссийск,Административно-хозяйственная,Физическая безопасность,,Охранник,активный ,Medium,9kLm2Px!vB3n,,,,,
user420,фио420,Уборщик портовых помещений,Новороссийск,Административно-хозяйственная,Клининг,,Уборщик,активный ,Low,X7cVbN9m!2Ko,,,,,
user421,фио421,Оператор элеватора,Производственный блок,Переработка и хранение,Элеватор Ростов,Ростов-на-Дону,Оператор АСУ,активный ,Low,8P8gTL*$tIGY,,,,,
user422,фио422,Лаборант,Производственный блок,Переработка и хранение,Лаборатория элеватора,Ростов-на-Дону,Лаборант,активный ,Medium,s1x+]|PZhHz^:ME|?ek,,,,,
user423,фио423,Электрик,Производственный блок,Переработка и хранение,Техобслуживание,Ростов-на-Дону,Электрик,активный ,Medium,Nn*Rp3EO9,58y(W(5=q,,,,,
user424,фио424,Слесарь-ремонтник,Производственный блок,Переработка и хранение,Ремонтная бригада,Ростов-на-Дону,Слесарь,активный ,Medium,.L5XeQ%*H+Kq63,,,,,
user425,фио425,Водитель погрузчика,Производственный блок,Переработка и хранение,Элеватор Ростов,Ростов-на-Дону,Водитель ССТ,активный ,Medium,!W/[m;Dry!p@sHZV2,,,,,
user426,фио426,Кладовщик,Производственный блок,Переработка и хранение,Складской учёт,Ростов-на-Дону,Кладовщик,активный ,Medium,B&dgC>8C0m#@H#/CxxO,,,,,
user427,фио427,Оператор МЭЗа,Производственный блок,Переработка и хранение,МЭЗ Воронеж,Воронеж,Оператор,активный ,Low,]l<XqrQY,(UB<c7CF4;,,,,,
user428,фио428,Лаборант химик,Производственный блок,Переработка и хранение,Лаборатория МЭЗ,Воронеж,Лаборант,активный ,Medium,$80uFm?p/}Q:a>Z,,,,,
user429,фио429,Инженер КИПиА,Производственный блок,Переработка и хранение,Техобслуживание,Воронеж,Инженер КИП,активный ,Medium,4uwt^7[NLW04#,,,,,
user430,фио430,Мастер смены МЭЗа,Производственный блок,Переработка и хранение,МЭЗ Воронеж,Воронеж,Мастер смены,активный ,Medium,vz2QG64Dr=J4x,,,,,
user431,фио431,Логист авто,Логистический блок,Логистика и порты,Автоперевозки,Краснодар,Логист,активный ,Medium,[L}]5{CJ=ztgW+du,,,,,
user432,фио432,Водитель-экспедитор,Логистический блок,Логистика и порты,Автопарк Краснодар,Краснодар,Водитель,активный ,Medium,1.It?8)KJ=UYj,,,,,
user433,фио433,Охранник,Краснодар,Административно-хозяйственная,Физическая безопасность,,Охранник,активный ,Medium,ND;,<XjsiuX9%*[$*uu2,,,,,
user434,фио434,Уборщик территории,Краснодар,Административно-хозяйственная,Клининг,,Уборщик,активный ,Low,{Yaix0isZ*Wn/+,,,,,
user435,фио435,Оператор весовой,Производственный блок,Переработка и хранение,Элеватор Саратов,Саратов,Оператор,активный ,Medium,aotgR^c)v4Z/,M/R8lY,,,,,
user436,фио436,Кладовщик,Производственный блок,Переработка и хранение,Складской учёт,Саратов,Кладовщик,активный ,Medium,$@N>6OdCl$>,67Aqbs(i,,,,,
user437,фио437,Охранник элеватора,Саратов,Административно-хозяйственная,Физическая безопасность,,Охранник,активный ,Medium,8QoIt/R53fR.,,,,,
user438,фио438,Уборщик территории,Саратов,Административно-хозяйственная,Клининг,,Уборщик,активный ,Medium,9fd871h1o<Znj,,,,,
user439,фио439,Логист ж/д перевозок,Логистический блок,Логистика и порты,Ж/д перевозки,Волгоград,Логист,активный ,Medium,W9Myf9bt$?G0lF.DKl+,,,,,
user440,фио440,Диспетчер ж/д,Логистический блок,Логистика и порты,Ж/д перевозки,Волгоград,Диспетчер,активный ,Medium,Qs{G_O8Kfj+4O55;,,,,,
user441,фио441,Водитель-экспедитор,Логистический блок,Логистика и порты,Автопарк Волгоград,Волгоград,Водитель,активный ,Medium,XA!?y^#o5-RADfT<W%+,,,,,
user442,фио442,Охранник,Волгоград,Административно-хозяйственная,Физическая безопасность,,Охранник,активный ,Medium,ybK]8(Y]:Hds_*3qz?J,,,,,
user443,фио443,Уборщик территории,Волгоград,Административно-хозяйственная,Клининг,,Уборщик,активный ,Medium,?gpt8_g.FQD*,,,,,
user444,фио444,Оператор элеватора,Производственный блок,Переработка и хранение,Элеватор Самара,Самара,Оператор АСУ,активный ,Medium,1N)Sey_,[/d1Z^sO!M,,,,,
user445,фио445,Лаборант,Производственный блок,Переработка и хранение,Лаборатория элеватора,Самара,Лаборант,активный ,Medium,%tCN,Dm5ti0,}q/,,,,,
user446,фио446,Электрик,Производственный блок,Переработка и хранение,Техобслуживание,Самара,Электрик,активный ,Medium,to$3(|)l3G#NW?PW,,,,,
user447,фио447,Слесарь-ремонтник,Производственный блок,Переработка и хранение,Ремонтная бригада,Самара,Слесарь,активный ,Medium,Tk&<_t$)_mB3zTD)(?:K,,,,,
user448,фио448,Водитель погрузчика,Производственный блок,Переработка и хранение,Элеватор Самара,Самара,Водитель ССТ,активный ,Medium,-S/Pl<l[^iAgBa3DiW=N,,,,,
user449,фио449,Кладовщик,Производственный блок,Переработка и хранение,Складской учёт,Самара,Кладовщик,активный ,Medium,*c*VmM4bglA3T0,,,,,
user450,фио450,Охранник элеватора,Самара,Административно-хозяйственная,Физическая безопасность,,Охранник,активный ,Low,-z:xPBdCduD_/1>se,,,,,
user451,фио451,Уборщик территории,Самара,Административно-хозяйственная,Клининг,,Уборщик,активный ,Low,rT2SeMnI^2^3^Iq,,,,,
user452,фио452,Оператор МЭЗа,Производственный блок,Переработка и хранение,МЭЗ Краснодар,Краснодар,Оператор,активный ,Medium,grVFdpsu%rX0o[,,,,,
user453,фио453,Лаборант химик,Производственный блок,Переработка и хранение,Лаборатория МЭЗ,Краснодар,Лаборант,активный ,Medium,Ig{T5om4372FUXIq,,,,,
user454,фио454,Инженер КИПиА,Производственный блок,Переработка и хранение,Техобслуживание,Краснодар,Инженер КИП,активный ,Medium,^i2SE9zpvYdj=+y}Tlo,,,,,
user455,фио455,Мастер смены МЭЗа,Производственный блок,Переработка и хранение,МЭЗ Краснодар,Краснодар,Мастер смены,активный ,Medium,aDY8%0[{tMEfqbN:Z}?U,,,,,
user456,фио456,Логист морских перевозок,Логистический блок,Логистика и порты,Морские перевозки,Новороссийск,Логист SAP,активный ,Medium,8#qmGeLV;?(F3@uq-,,,,,
user457,фио457,Диспетчер порта,Логистический блок,Логистика и порты,Терминал Новороссийск,Новороссийск,Диспетчер,активный ,Medium,TF%=]6jpX7S7,($3,,,,,
user458,фио458,Тальман,Логистический блок,Логистика и порты,Портовый учёт,Новороссийск,Тальман,активный ,Medium,zuti#D59bC$qo1PU,,,,,
user459,фио459,Охранник терминала,Новороссийск,Административно-хозяйственная,Физическая безопасность,,Охранник,активный ,Medium,VP(5Tj..zAzUI0%xS,,,,,
user460,фио460,Уборщик портовых помещений,Новороссийск,Административно-хозяйственная,Клининг,,Уборщик,активный ,Low,,DW3=kxu;?6K}k,,,,,
user461,фио461,Оператор элеватора,Производственный блок,Переработка и хранение,Элеватор Ростов,Ростов-на-Дону,Оператор АСУ,активный ,Low,8P8gTL*$tIGY,,,,,
user462,фио462,Лаборант,Производственный блок,Переработка и хранение,Лаборатория элеватора,Ростов-на-Дону,Лаборант,активный ,Medium,s1x+]|PZhHz^:ME|?ek,,,,,
user463,фио463,Электрик,Производственный блок,Переработка и хранение,Техобслуживание,Ростов-на-Дону,Электрик,активный ,Medium,Nn*Rp3EO9,58y(W(5=q,,,,,
user464,фио464,Слесарь-ремонтник,Производственный блок,Переработка и хранение,Ремонтная бригада,Ростов-на-Дону,Слесарь,активный ,Medium,.L5XeQ%*H+Kq63,,,,,
user465,фио465,Водитель погрузчика,Производственный блок,Переработка и хранение,Элеватор Ростов,Ростов-на-Дону,Водитель ССТ,активный ,Medium,!W/[m;Dry!p@sHZV2,,,,,
user466,фио466,Кладовщик,Производственный блок,Переработка и хранение,Складской учёт,Ростов-на-Дону,Кладовщик,активный ,Medium,B&dgC>8C0m#@H#/CxxO,,,,,
user467,фио467,Оператор МЭЗа,Производственный блок,Переработка и хранение,МЭЗ Воронеж,Воронеж,Оператор,активный ,Low,]l<XqrQY,(UB<c7CF4;,,,,,
user468,фио468,Лаборант химик,Производственный блок,Переработка и хранение,Лаборатория МЭЗ,Воронеж,Лаборант,активный ,Medium,$80uFm?p/}Q:a>Z,,,,,
user469,фио469,Инженер КИПиА,Производственный блок,Переработка и хранение,Техобслуживание,Воронеж,Инженер КИП,активный ,Medium,4uwt^7[NLW04#,,,,,
user470,фио470,Мастер смены МЭЗа,Производственный блок,Переработка и хранение,МЭЗ Воронеж,Воронеж,Мастер смены,активный ,Medium,vz2QG64Dr=J4x,,,,,
user471,фио471,Логист авто,Логистический блок,Логистика и порты,Автоперевозки,Краснодар,Логист,активный ,Medium,[L}]5{CJ=ztgW+du,,,,,
user472,фио472,Водитель-экспедитор,Логистический блок,Логистика и порты,Автопарк Краснодар,Краснодар,Водитель,активный ,Medium,1.It?8)KJ=UYj,,,,,
user473,фио473,Охранник,Краснодар,Административно-хозяйственная,Физическая безопасность,,Охранник,активный ,Medium,ND;,<XjsiuX9%*[$*uu2,,,,,
user474,фио474,Уборщик территории,Краснодар,Административно-хозяйственная,Клининг,,Уборщик,активный ,Low,{Yaix0isZ*Wn/+,,,,,
user475,фио475,Оператор весовой,Производственный блок,Переработка и хранение,Элеватор Саратов,Саратов,Оператор,активный ,Low,9ELxBB5DW_4#=tV,,,,,
user476,фио476,Кладовщик,Производственный блок,Переработка и хранение,Складской учёт,Саратов,Кладовщик,активный ,Medium,ct6q<CjTA8;,n%yqq<R,,,,,
user477,фио477,Охранник элеватора,Саратов,Административно-хозяйственная,Физическая безопасность,,Охранник,активный ,Low,elW[]<{KGhWVHc3,,,,,
user478,фио478,Уборщик территории,Саратов,Административно-хозяйственная,Клининг,,Уборщик,активный ,Low,4-$mAeSHpD>2*Tc}9L,,,,,
user479,фио479,Логист ж/д перевозок,Логистический блок,Логистика и порты,Ж/д перевозки,Волгоград,Логист,активный ,Low,^6py2$2*9cE7gH<98=0.,,,,,
user480,фио480,Диспетчер ж/д,Логистический блок,Логистика и порты,Ж/д перевозки,Волгоград,Диспетчер,активный ,Medium,[-zx-wL>gf@[4u8VW)R7,,,,,
user481,фио481,Водитель-экспедитор,Логистический блок,Логистика и порты,Автопарк Волгоград,Волгоград,Водитель,активный ,Medium,qZ15^Lj$Gn2s3,,,,,
user482,фио482,Охранник,Волгоград,Административно-хозяйственная,Физическая безопасность,,Охранник,активный ,Medium,RA@1^Dlf=&ab,,,,,
user483,фио483,Уборщик территории,Волгоград,Административно-хозяйственная,Клининг,,Уборщик,активный ,Low,9;NkypAqSMvXI4,,,,,
user484,фио484,Оператор элеватора,Производственный блок,Переработка и хранение,Элеватор Самара,Самара,Оператор АСУ,активный ,Low,2TaBu|i,l!1$Y^8q_]5,,,,,
user485,фио485,Лаборант,Производственный блок,Переработка и хранение,Лаборатория элеватора,Самара,Лаборант,активный ,Medium,;/2/2OI{vPc+r6,,,,,
user486,фио486,Электрик,Производственный блок,Переработка и хранение,Техобслуживание,Самара,Электрик,активный ,Medium,d.F4jb(Pg)ZK&<hb,,,,,
user487,фио487,Слесарь-ремонтник,Производственный блок,Переработка и хранение,Ремонтная бригада,Самара,Слесарь,активный ,Medium,o2V&VO513B8zI|I,d$8&,,,,,
user488,фио488,Водитель погрузчика,Производственный блок,Переработка и хранение,Элеватор Самара,Самара,Водитель ССТ,активный ,Medium,{{y9)uEXrc%l/}LyY],,,,,
user489,фио489,Кладовщик,Производственный блок,Переработка и хранение,Складской учёт,Самара,Кладовщик,активный ,Medium,xN3CxaMj8%g,/L^l*U:,,,,,
user490,фио490,Охранник элеватора,Самара,Административно-хозяйственная,Физическая безопасность,,Охранник,активный ,Low,2(Av9r2jP6v?_$m,,,,,
user491,фио491,Уборщик территории,Самара,Административно-хозяйственная,Клининг,,Уборщик,активный ,Low,<vAfmj3XE]M+xV])#VD,,,,,
user492,фио492,Оператор МЭЗа,Производственный блок,Переработка и хранение,МЭЗ Краснодар,Краснодар,Оператор,активный ,Low,w_=bgu[uPp2>2,,,,,
user493,фио493,Лаборант химик,Производственный блок,Переработка и хранение,Лаборатория МЭЗ,Краснодар,Лаборант,активный ,Medium,wO!W2?WIzoW}}%!,,,,,
user494,фио494,Инженер КИПиА,Производственный блок,Переработка и хранение,Техобслуживание,Краснодар,Инженер КИП,активный ,Medium,qcIS0I0|$sa2U%0,,,,,
user495,фио495,Мастер смены МЭЗа,Производственный блок,Переработка и хранение,МЭЗ Краснодар,Краснодар,Мастер смены,активный ,Medium,;5-H@<m#{k!43],,,,,
user496,фио496,Логист морских перевозок,Логистический блок,Логистика и порты,Морские перевозки,Новороссийск,Логист SAP,активный ,Medium,jP&v5HOi=0CPV);,,,,,
user497,фио497,Диспетчер порта,Логистический блок,Логистика и порты,Терминал Новороссийск,Новороссийск,Диспетчер,активный ,Medium,ITO7=$sqc)2w>cr2+-,,,,,
user498,фио498,Тальман,Логистический блок,Логистика и порты,Портовый учёт,Новороссийск,Тальман,активный ,Medium,2:(0Odw(=r_>)t}uDt,,,,,
user499,фио499,Охранник терминала,Новороссийск,Административно-хозяйственная,Физическая безопасность,,Охранник,активный ,Medium,A})/@[&5Dry1,,,,,
user500,фио500,Уборщик портовых помещений,Новороссийск,Административно-хозяйственная,Клининг,,Уборщик,активный ,Low,li6HvV>IwZl2d!mx,,,,,
